Workbook

Sheet Направления
A1: Приоритет | B1: № у клиента | C1: Направление | D1: На сайте | E1: Существующая страница | F1: Что сделать | G1: Страница (URL) | H1: Главный запрос (объём) | I1: Спрос группы, мес. | J1: Где делать (по выдаче) | K1: Кто в топ-10 Google | L1: Тип выдачи | M1: Вывод по выдаче | N1: Все запросы и объёмы | O1: Комментарий
A2: P1 | B2: 29 | C2: Лазерная резка | D2: Частично | E2: /uslugi/perforaciya-listov/ | F2: Новая страница | G2: /uslugi/lazernaya-rezka/ | H2: лазерная резка металла — 1000 | I2: =SUMIFS(Запросы!$C$2:$C$109,Запросы!$A$2:$A$109,B2) | J2: Страница на нашем сайте | K2: ="«лазерная резка нержавейки»: мини "&COUNTIFS(Выдача!$A$2:$A$200,"лазерная резка нержавейки",Выдача!$G$2:$G$200,"Мини-сайт")&" · средн. "&COUNTIFS(Выдача!$A$2:$A$200,"лазерная резка нержавейки",Выдача!$G$2:$G$200,"Средний сайт")&" · больш. "&COUNTIFS(Выдача!$A$2:$A$200,"лазерная резка нержавейки",Выдача!$G$2:$G$200,"Большой сайт")&" · портал "&COUNTIFS(Выдача!$A$2:$A$200,"лазерная резка нержавейки",Выдача!$G$2:$G$200,"Портал / форум / вики") | L2: Коммерческая: страницы услуг металлообработки | M2: В топе страницы услуг внутри средних сайтов металлообработки (promexcut, gravernu, metall-24). По общему «лазерная резка металла» выдача смешана со станками и статьями — целиться в «лазерную резку нержавейки». | N2: лазерная резка металла 1000, лазерная резка 600, лазерная резка нержавейки 500, лазерная резка нержавеющей стали 300, резка нержавейки лазером 200, лазерная резка металла нижний новгород 50, лазерная резка нижний новгород 40, лазерная резка нержавейки нижний новгород 0 | O2: Старые адреса /laser/ и /lasertrub/ перенаправить сюда
A3: P1 | B3: 10 | C3: Анодирование алюминия (бцв, ч, нхр, нв) | D3: Нет | E3: — | F3: Новая страница | G3: /uslugi/galvanicheskie-pokrytiya/anodirovanie/ | H3: анодирование — 900 | I3: =SUMIFS(Запросы!$C$2:$C$109,Запросы!$A$2:$A$109,B3) | J3: Отдельный сайт гальваники | K3: ="«анодирование алюминия»: мини "&COUNTIFS(Выдача!$A$2:$A$200,"анодирование алюминия",Выдача!$G$2:$G$200,"Мини-сайт")&" · средн. "&COUNTIFS(Выдача!$A$2:$A$200,"анодирование алюминия",Выдача!$G$2:$G$200,"Средний сайт")&" · больш. "&COUNTIFS(Выдача!$A$2:$A$200,"анодирование алюминия",Выдача!$G$2:$G$200,"Большой сайт")&" · портал "&COUNTIFS(Выдача!$A$2:$A$200,"анодирование алюминия",Выдача!$G$2:$G$200,"Портал / форум / вики") | L3: Смешанная: мелкие гальваники + статьи | M3: Конкуренты слабые: мини- и средние сайты (DR 0–21), плюс Drive2 и Википедия. Профильный гальванический сайт займёт топ быстрее, чем раздел на сайте нержавейки. | N3: анодирование 900, анодирование алюминия 600, анодное оксидирование 80, анодирование алюминия цена 70, цветное анодирование алюминия 30, анодирование нижний новгород 0 | O3: Разделами на этой странице: № 11, 13, 14, 15
A4: P1 | B4: 1 | C4: Цинкование (бцв, хр, чёрное — П.бцв, П.хр, П.ч) | D4: Нет | E4: — | F4: Новая страница | G4: /uslugi/galvanicheskie-pokrytiya/cinkovanie/ | H4: цинкование — 400 | I4: =SUMIFS(Запросы!$C$2:$C$109,Запросы!$A$2:$A$109,B4) | J4: Отдельный сайт гальваники | K4: ="«гальваническое цинкование»: мини "&COUNTIFS(Выдача!$A$2:$A$200,"гальваническое цинкование",Выдача!$G$2:$G$200,"Мини-сайт")&" · средн. "&COUNTIFS(Выдача!$A$2:$A$200,"гальваническое цинкование",Выдача!$G$2:$G$200,"Средний сайт")&" · больш. "&COUNTIFS(Выдача!$A$2:$A$200,"гальваническое цинкование",Выдача!$G$2:$G$200,"Большой сайт")&" · портал "&COUNTIFS(Выдача!$A$2:$A$200,"гальваническое цинкование",Выдача!$G$2:$G$200,"Портал / форум / вики") | L4: Информационная: статьи о технологии | M4: Услуг в топе почти нет — статьи, Drive2, PDF. По «цинкованию металла» ещё и горячее цинкование. Нужна страница услуги с блоком про технологию. | N4: цинкование 400, цинкование металла 300, гальваническое цинкование 150, цинкование деталей 50, черное цинкование 30, цинкование с хроматированием 20, оцинковка деталей 20, цинкование цена 20, желтое цинкование 10, цинкование крепежа 10, цинкование нижний новгород 0 | O4: В тексте развести с горячим цинкованием
A5: P1 | B5: 25 | C5: Пассивация | D5: Нет | E5: только упоминание в блоге | F5: Новая страница (вместе с № 8) | G5: /uslugi/travlenie-i-passivaciya/ | H5: пассивация — 300 | I5: =SUMIFS(Запросы!$C$2:$C$109,Запросы!$A$2:$A$109,B5) | J5: Страница на нашем сайте | K5: ="«пассивация нержавейки»: мини "&COUNTIFS(Выдача!$A$2:$A$200,"пассивация нержавейки",Выдача!$G$2:$G$200,"Мини-сайт")&" · средн. "&COUNTIFS(Выдача!$A$2:$A$200,"пассивация нержавейки",Выдача!$G$2:$G$200,"Средний сайт")&" · больш. "&COUNTIFS(Выдача!$A$2:$A$200,"пассивация нержавейки",Выдача!$G$2:$G$200,"Большой сайт")&" · портал "&COUNTIFS(Выдача!$A$2:$A$200,"пассивация нержавейки",Выдача!$G$2:$G$200,"Портал / форум / вики") | L5: Информационная: статьи | M5: Топ — статьи на средних и мини-сайтах, услуг почти нет. Профильно для нержавейки: страница «Травление и пассивация» на нашем сайте закроет и спрос, и тематику. | N5: пассивация 300, пассивация металла 150, пассивация нержавейки 150, пассивация нержавеющей стали 80 | O5: Вместе с № 8 спрос около 900. Профильно для нержавейки
A6: P1 | B6: 8 | C6: Хим. пас (травление нержавейки) | D6: Нет | E6: — | F6: Та же страница, что № 25 | G6: /uslugi/travlenie-i-passivaciya/ | H6: травление металла — 150 | I6: =SUMIFS(Запросы!$C$2:$C$109,Запросы!$A$2:$A$109,B6) | J6: Страница на нашем сайте | K6: ="«травление нержавеющей стали»: мини "&COUNTIFS(Выдача!$A$2:$A$200,"травление нержавеющей стали",Выдача!$G$2:$G$200,"Мини-сайт")&" · средн. "&COUNTIFS(Выдача!$A$2:$A$200,"травление нержавеющей стали",Выдача!$G$2:$G$200,"Средний сайт")&" · больш. "&COUNTIFS(Выдача!$A$2:$A$200,"травление нержавеющей стали",Выдача!$G$2:$G$200,"Большой сайт")&" · портал "&COUNTIFS(Выдача!$A$2:$A$200,"травление нержавеющей стали",Выдача!$G$2:$G$200,"Портал / форум / вики") | L6: Информационная (данные Google устаревшие) | M6: Статьи «как травить на дому» на мини-сайтах. Отдельно не продвигать — входит в страницу № 25. | N6: травление металла 150, травление нержавеющей стали 40, травление нержавейки 30, травление сварных швов 0, травление и пассивация 0
A7: P1 | B7: 30 | C7: Гидроабразивная резка | D7: Частично | E7: /uslugi/perforaciya-listov/ | F7: Новая страница | G7: /uslugi/gidroabrazivnaya-rezka/ | H7: гидроабразивная резка — 350 | I7: =SUMIFS(Запросы!$C$2:$C$109,Запросы!$A$2:$A$109,B7) | J7: Страница на нашем сайте | K7: ="«гидроабразивная резка металла»: мини "&COUNTIFS(Выдача!$A$2:$A$200,"гидроабразивная резка металла",Выдача!$G$2:$G$200,"Мини-сайт")&" · средн. "&COUNTIFS(Выдача!$A$2:$A$200,"гидроабразивная резка металла",Выдача!$G$2:$G$200,"Средний сайт")&" · больш. "&COUNTIFS(Выдача!$A$2:$A$200,"гидроабразивная резка металла",Выдача!$G$2:$G$200,"Большой сайт")&" · портал "&COUNTIFS(Выдача!$A$2:$A$200,"гидроабразивная резка металла",Выдача!$G$2:$G$200,"Портал / форум / вики") | L7: Смешанная: мини-сайт под услугу + страницы услуг + статьи | M7: На 2-м месте мини-сайт kit-cut.ru (главная целиком про гидрорезку), рядом страницы услуг utk-steel и promexcut. Страница на нашем сайте подходит; мини-сайт — только если есть свой станок в Нижнем Новгороде. | N7: гидроабразивная резка 350, гидроабразивная резка металла 300, гидрорезка 200, гидроабразивная резка нижний новгород 20 | O7: Старый адрес /gidroabraziv/ перенаправить сюда
A8: P1 | B8: Хаб | C8: Хаб «Гальванические покрытия» | D8: Нет | E8: — | F8: Новая страница (хаб) | G8: /uslugi/galvanicheskie-pokrytiya/ | H8: гальванические покрытия — 150 | I8: =SUMIFS(Запросы!$C$2:$C$109,Запросы!$A$2:$A$109,B8) | J8: Отдельный сайт гальваники | K8: ="«гальванические покрытия»: мини "&COUNTIFS(Выдача!$A$2:$A$200,"гальванические покрытия",Выдача!$G$2:$G$200,"Мини-сайт")&" · средн. "&COUNTIFS(Выдача!$A$2:$A$200,"гальванические покрытия",Выдача!$G$2:$G$200,"Средний сайт")&" · больш. "&COUNTIFS(Выдача!$A$2:$A$200,"гальванические покрытия",Выдача!$G$2:$G$200,"Большой сайт")&" · портал "&COUNTIFS(Выдача!$A$2:$A$200,"гальванические покрытия",Выдача!$G$2:$G$200,"Портал / форум / вики") | L8: Информационная: обзорные статьи | M8: Топ — обзорные статьи на средних сайтах. Это главная страница будущего гальванического сайта. | N8: гальванические покрытия 150, гальваническое покрытие металла 90, нанесение гальванических покрытий 80, услуги гальваники 40, гальваника на заказ 20, гальваника нижний новгород 0 | O8: Ссылки на все покрытия. Общий запрос «гальваника» (2500) в сумму не включён
A9: P1 | B9: 18 | C9: Хромирование твёрдое | D9: Нет | E9: — | F9: Новая страница | G9: /uslugi/galvanicheskie-pokrytiya/hromirovanie/ | H9: хромирование деталей — 250 | I9: =SUMIFS(Запросы!$C$2:$C$109,Запросы!$A$2:$A$109,B9) | J9: Отдельный сайт гальваники | K9: ="«твердое хромирование»: мини "&COUNTIFS(Выдача!$A$2:$A$200,"твердое хромирование",Выдача!$G$2:$G$200,"Мини-сайт")&" · средн. "&COUNTIFS(Выдача!$A$2:$A$200,"твердое хромирование",Выдача!$G$2:$G$200,"Средний сайт")&" · больш. "&COUNTIFS(Выдача!$A$2:$A$200,"твердое хромирование",Выдача!$G$2:$G$200,"Большой сайт")&" · портал "&COUNTIFS(Выдача!$A$2:$A$200,"твердое хромирование",Выдача!$G$2:$G$200,"Портал / форум / вики") | L9: Коммерческая: мини-сайты гальваник (по «хромированию деталей» — авто-хром и маркетплейсы) | M9: «Хромирование деталей» — Avito, Ozon, автотюнинг (декоративный хром). «Твёрдое хромирование» — мини-сайты гальваник (hrom-prom, galvanika-msk). Целиться в техническое твёрдое хромирование. | N9: хромирование 250, хромирование деталей 250, гальваническое хромирование 80, твердое хромирование 20, хромирование штоков 0, хромирование нижний новгород 0 | O9: «хромирование штоков» проверить в Wordstat
A10: P1 | B10: 4 | C10: Гальваническое никелирование (блестящее) | D10: Нет | E10: — | F10: Новая страница | G10: /uslugi/galvanicheskie-pokrytiya/nikelirovanie/ | H10: никелирование — 350 | I10: =SUMIFS(Запросы!$C$2:$C$109,Запросы!$A$2:$A$109,B10) | J10: Отдельный сайт гальваники | K10: ="«никелирование»: мини "&COUNTIFS(Выдача!$A$2:$A$200,"никелирование",Выдача!$G$2:$G$200,"Мини-сайт")&" · средн. "&COUNTIFS(Выдача!$A$2:$A$200,"никелирование",Выдача!$G$2:$G$200,"Средний сайт")&" · больш. "&COUNTIFS(Выдача!$A$2:$A$200,"никелирование",Выдача!$G$2:$G$200,"Большой сайт")&" · портал "&COUNTIFS(Выдача!$A$2:$A$200,"никелирование",Выдача!$G$2:$G$200,"Портал / форум / вики") | L10: Смешанная: узкие гальваники + статьи | M10: Мини- и средние гальванические сайты (chemnikel, 6mkm, zctc), больших игроков нет. | N10: никелирование 350, гальваническое никелирование 60, никелирование металла 50, никелирование деталей 50, блестящее никелирование 0 | O10: Разделом на этой странице: № 5
A11: P1 | B11: 6 | C11: Электрохимическое полирование (нерж.) | D11: Частично | E11: /uslugi/polirovka/ | F11: Новая страница | G11: /uslugi/elektrohimicheskaya-polirovka/ | H11: электрополировка — 90 | I11: =SUMIFS(Запросы!$C$2:$C$109,Запросы!$A$2:$A$109,B11) | J11: Страница на нашем сайте | K11: ="«электрохимическая полировка»: мини "&COUNTIFS(Выдача!$A$2:$A$200,"электрохимическая полировка",Выдача!$G$2:$G$200,"Мини-сайт")&" · средн. "&COUNTIFS(Выдача!$A$2:$A$200,"электрохимическая полировка",Выдача!$G$2:$G$200,"Средний сайт")&" · больш. "&COUNTIFS(Выдача!$A$2:$A$200,"электрохимическая полировка",Выдача!$G$2:$G$200,"Большой сайт")&" · портал "&COUNTIFS(Выдача!$A$2:$A$200,"электрохимическая полировка",Выдача!$G$2:$G$200,"Портал / форум / вики") | L11: Информационная: статьи и форумы | M11: Статьи, Habr, форумы; услуг мало. Профильно для нержавейки (пищевые линии) — страница на нашем сайте. | N11: электрополировка 90, электрохимическая полировка 80, электрохимическая полировка нержавейки 30, электрополировка нержавеющей стали 30, электрополировка нержавейки 10 | O11: Спрос средний, но профильно для нержавейки. Разделом: № 7
A12: P2 | B12: 9 | C12: Хим. оксидирование стали с промасливанием | D12: Нет | E12: — | F12: Новая страница | G12: /uslugi/galvanicheskie-pokrytiya/oksidirovanie-stali/ | H12: воронение металла — 350 | I12: =SUMIFS(Запросы!$C$2:$C$109,Запросы!$A$2:$A$109,B12) | J12: Отдельный сайт гальваники | K12: ="«оксидирование стали»: мини "&COUNTIFS(Выдача!$A$2:$A$200,"оксидирование стали",Выдача!$G$2:$G$200,"Мини-сайт")&" · средн. "&COUNTIFS(Выдача!$A$2:$A$200,"оксидирование стали",Выдача!$G$2:$G$200,"Средний сайт")&" · больш. "&COUNTIFS(Выдача!$A$2:$A$200,"оксидирование стали",Выдача!$G$2:$G$200,"Большой сайт")&" · портал "&COUNTIFS(Выдача!$A$2:$A$200,"оксидирование стали",Выдача!$G$2:$G$200,"Портал / форум / вики") | L12: Смешанная: статьи + услуги гальваник | M12: Мини- и средние сайты (smetiz, vskplast, zctc) плюс Википедия. Конкуренция низкая. | N12: воронение металла 350, оксидирование 250, оксидирование стали 150, химическое оксидирование 100, химическое оксидирование стали 50 | O12: Много бытовых запросов про воронение
A13: P2 | B13: 23 | C13: Хим. фосфатирование с оксидированием | D13: Нет | E13: — | F13: Новая страница | G13: /uslugi/galvanicheskie-pokrytiya/fosfatirovanie/ | H13: фосфатирование — 300 | I13: =SUMIFS(Запросы!$C$2:$C$109,Запросы!$A$2:$A$109,B13) | J13: Отдельный сайт гальваники | K13: ="«фосфатирование металла»: мини "&COUNTIFS(Выдача!$A$2:$A$200,"фосфатирование металла",Выдача!$G$2:$G$200,"Мини-сайт")&" · средн. "&COUNTIFS(Выдача!$A$2:$A$200,"фосфатирование металла",Выдача!$G$2:$G$200,"Средний сайт")&" · больш. "&COUNTIFS(Выдача!$A$2:$A$200,"фосфатирование металла",Выдача!$G$2:$G$200,"Большой сайт")&" · портал "&COUNTIFS(Выдача!$A$2:$A$200,"фосфатирование металла",Выдача!$G$2:$G$200,"Портал / форум / вики") | L13: Информационная | M13: Статьи, Википедия, Drive2; услуги только у узких гальваник. | N13: фосфатирование 300, фосфатирование металла 150, химическое фосфатирование 40
A14: P2 | B14: 12 | C14: Анодирование титана (аноцвет) | D14: Нет | E14: — | F14: Новая страница | G14: /uslugi/galvanicheskie-pokrytiya/anodirovanie-titana/ | H14: анодирование титана — 400 | I14: =SUMIFS(Запросы!$C$2:$C$109,Запросы!$A$2:$A$109,B14) | J14: Отдельный сайт гальваники | K14: ="«анодирование титана»: мини "&COUNTIFS(Выдача!$A$2:$A$200,"анодирование титана",Выдача!$G$2:$G$200,"Мини-сайт")&" · средн. "&COUNTIFS(Выдача!$A$2:$A$200,"анодирование титана",Выдача!$G$2:$G$200,"Средний сайт")&" · больш. "&COUNTIFS(Выдача!$A$2:$A$200,"анодирование титана",Выдача!$G$2:$G$200,"Большой сайт")&" · портал "&COUNTIFS(Выдача!$A$2:$A$200,"анодирование титана",Выдача!$G$2:$G$200,"Портал / форум / вики") | L14: Хобби / форумы + мелкие услуги | M14: Форумы (guns.ru, VK) и мини-сайты; спрос частично частный (ножи, украшения). | N14: анодирование титана 400
A15: P2 | B15: 19 | C15: Серебрение | D15: Нет | E15: — | F15: Новая страница | G15: /uslugi/galvanicheskie-pokrytiya/serebrenie/ | H15: серебрение — 150 | I15: =SUMIFS(Запросы!$C$2:$C$109,Запросы!$A$2:$A$109,B15) | J15: Отдельный сайт гальваники | K15: ="«гальваническое серебрение»: мини "&COUNTIFS(Выдача!$A$2:$A$200,"гальваническое серебрение",Выдача!$G$2:$G$200,"Мини-сайт")&" · средн. "&COUNTIFS(Выдача!$A$2:$A$200,"гальваническое серебрение",Выдача!$G$2:$G$200,"Средний сайт")&" · больш. "&COUNTIFS(Выдача!$A$2:$A$200,"гальваническое серебрение",Выдача!$G$2:$G$200,"Большой сайт")&" · портал "&COUNTIFS(Выдача!$A$2:$A$200,"гальваническое серебрение",Выдача!$G$2:$G$200,"Портал / форум / вики") | L15: Коммерческая: мини-сайты гальваник | M15: Топ почти целиком из мини-сайтов — узкий гальванический сайт здесь в своей среде. | N15: серебрение 150, гальваническое серебрение 150, серебрение металла 50
A16: P2 | B16: 27 | C16: Шлифовка продольная | D16: Возможно | E16: /uslugi/shlifovanie/ | F16: Уточнить у клиента | G16: — | H16: шлифовка металла — 250 | I16: =SUMIFS(Запросы!$C$2:$C$109,Запросы!$A$2:$A$109,B16) | J16: Уточнить у клиента | K16: нет данных | L16: Нет данных в Ahrefs | M16: Выдачи в Ahrefs нет — проверить в Яндексе и уточнить у клиента, что имеется в виду. | N16: шлифовка металла 250, плоская шлифовка 30, плоское шлифование 20, шлифовка металла на заказ 0 | O16: Если это шлифовка листа — страница уже есть («шлифовка нержавейки»: Ahrefs 70, Wordstat 65)
A17: P2 | B17: 16 | C17: Оловянирование | D17: Нет | E17: — | F17: Новая страница | G17: /uslugi/galvanicheskie-pokrytiya/olovyanirovanie/ | H17: лужение — 200 | I17: =SUMIFS(Запросы!$C$2:$C$109,Запросы!$A$2:$A$109,B17) | J17: Отдельный сайт гальваники | K17: ="«оловянирование»: мини "&COUNTIFS(Выдача!$A$2:$A$200,"оловянирование",Выдача!$G$2:$G$200,"Мини-сайт")&" · средн. "&COUNTIFS(Выдача!$A$2:$A$200,"оловянирование",Выдача!$G$2:$G$200,"Средний сайт")&" · больш. "&COUNTIFS(Выдача!$A$2:$A$200,"оловянирование",Выдача!$G$2:$G$200,"Большой сайт")&" · портал "&COUNTIFS(Выдача!$A$2:$A$200,"оловянирование",Выдача!$G$2:$G$200,"Портал / форум / вики") | L17: Коммерческая: мини-сайты гальваник | M17: Почти весь топ — мини-сайты гальваник и производителей гальванических линий. | N17: лужение 200, оловянирование 40, лужение меди 40, гальваническое лужение 10 | O17: Разделом на этой странице: № 17
A18: P2 | B18: 3 | C18: Меднение | D18: Нет | E18: — | F18: Новая страница | G18: /uslugi/galvanicheskie-pokrytiya/mednenie/ | H18: меднение — 100 | I18: =SUMIFS(Запросы!$C$2:$C$109,Запросы!$A$2:$A$109,B18) | J18: Отдельный сайт гальваники | K18: ="«гальваническое меднение»: мини "&COUNTIFS(Выдача!$A$2:$A$200,"гальваническое меднение",Выдача!$G$2:$G$200,"Мини-сайт")&" · средн. "&COUNTIFS(Выдача!$A$2:$A$200,"гальваническое меднение",Выдача!$G$2:$G$200,"Средний сайт")&" · больш. "&COUNTIFS(Выдача!$A$2:$A$200,"гальваническое меднение",Выдача!$G$2:$G$200,"Большой сайт")&" · портал "&COUNTIFS(Выдача!$A$2:$A$200,"гальваническое меднение",Выдача!$G$2:$G$200,"Портал / форум / вики") | L18: Смешанная: гальваники + статья «в домашних условиях» | M18: Мини- и средние гальванические сайты (zctc, ezetek, plast-product); на 1-м месте статья для домашних мастеров. | N18: меднение 100, меднение металла 70, гальваническое меднение 60, меднение алюминия 40
A19: P2 | B19: 20 | C19: Золочение | D19: Нет | E19: — | F19: Новая страница | G19: /uslugi/galvanicheskie-pokrytiya/zolochenie/ | H19: гальваническое золочение — 150 | I19: =SUMIFS(Запросы!$C$2:$C$109,Запросы!$A$2:$A$109,B19) | J19: Отдельный сайт гальваники | K19: ="«гальваническое золочение»: мини "&COUNTIFS(Выдача!$A$2:$A$200,"гальваническое золочение",Выдача!$G$2:$G$200,"Мини-сайт")&" · средн. "&COUNTIFS(Выдача!$A$2:$A$200,"гальваническое золочение",Выдача!$G$2:$G$200,"Средний сайт")&" · больш. "&COUNTIFS(Выдача!$A$2:$A$200,"гальваническое золочение",Выдача!$G$2:$G$200,"Большой сайт")&" · портал "&COUNTIFS(Выдача!$A$2:$A$200,"гальваническое золочение",Выдача!$G$2:$G$200,"Портал / форум / вики") | L19: Коммерческая: мини-сайты | M19: Почти весь топ — мини-сайты, у mademetall и funchrome в выдаче главная страница. Узкий сайт конкурентен. | N19: гальваническое золочение 150, золочение 100
A20: P2 | B20: 2 | C20: Кадмирование (бцв, хр) | D20: Нет | E20: — | F20: Новая страница | G20: /uslugi/galvanicheskie-pokrytiya/kadmirovanie/ | H20: кадмирование — 200 | I20: =SUMIFS(Запросы!$C$2:$C$109,Запросы!$A$2:$A$109,B20) | J20: Отдельный сайт гальваники | K20: ="«кадмирование»: мини "&COUNTIFS(Выдача!$A$2:$A$200,"кадмирование",Выдача!$G$2:$G$200,"Мини-сайт")&" · средн. "&COUNTIFS(Выдача!$A$2:$A$200,"кадмирование",Выдача!$G$2:$G$200,"Средний сайт")&" · больш. "&COUNTIFS(Выдача!$A$2:$A$200,"кадмирование",Выдача!$G$2:$G$200,"Большой сайт")&" · портал "&COUNTIFS(Выдача!$A$2:$A$200,"кадмирование",Выдача!$G$2:$G$200,"Портал / форум / вики") | L20: Коммерческая: мини-сайты гальваник | M20: Википедия + мини-сайты гальваник (galvan.ru, npkhrom, plast-product). Сюда же № 21, 22, 24. | N20: кадмирование 200, кадмирование деталей 30 | O20: Разделами на этой странице: № 21, 22, 24
A21: P3 | B21: 15 | C21: Хим. оксидирование алюминия (электропроводное) | D21: Нет | E21: — | F21: Раздел на странице № 10 | G21: — | H21: хроматирование — 80 | I21: =SUMIFS(Запросы!$C$2:$C$109,Запросы!$A$2:$A$109,B21) | J21: Раздел на другой странице | K21: ="«химическое оксидирование алюминия»: мини "&COUNTIFS(Выдача!$A$2:$A$200,"химическое оксидирование алюминия",Выдача!$G$2:$G$200,"Мини-сайт")&" · средн. "&COUNTIFS(Выдача!$A$2:$A$200,"химическое оксидирование алюминия",Выдача!$G$2:$G$200,"Средний сайт")&" · больш. "&COUNTIFS(Выдача!$A$2:$A$200,"химическое оксидирование алюминия",Выдача!$G$2:$G$200,"Большой сайт")&" · портал "&COUNTIFS(Выдача!$A$2:$A$200,"химическое оксидирование алюминия",Выдача!$G$2:$G$200,"Портал / форум / вики") | L21: Информационная: справочники, PDF | M21: Справочники и учебные PDF — отдельная страница не нужна, раздел на странице № 10. | N21: хроматирование 80, химическое оксидирование алюминия 40, хроматирование алюминия 10
A22: P3 | B22: 28 | C22: Шлифовка круглая | D22: Нет | E22: — | F22: Новая страница | G22: /uslugi/kruglaya-shlifovka/ | H22: круглая шлифовка — 60 | I22: =SUMIFS(Запросы!$C$2:$C$109,Запросы!$A$2:$A$109,B22) | J22: Страница на нашем сайте | K22: ="«круглая шлифовка»: мини "&COUNTIFS(Выдача!$A$2:$A$200,"круглая шлифовка",Выдача!$G$2:$G$200,"Мини-сайт")&" · средн. "&COUNTIFS(Выдача!$A$2:$A$200,"круглая шлифовка",Выдача!$G$2:$G$200,"Средний сайт")&" · больш. "&COUNTIFS(Выдача!$A$2:$A$200,"круглая шлифовка",Выдача!$G$2:$G$200,"Большой сайт")&" · портал "&COUNTIFS(Выдача!$A$2:$A$200,"круглая шлифовка",Выдача!$G$2:$G$200,"Портал / форум / вики") | L22: Коммерческая: небольшие заводы мехобработки | M22: Мини- и средние сайты мехобработки (cometal — главная, profbau, zavkon). Делать, только если услуга реально есть. | N22: круглая шлифовка 60, круглое шлифование 40, круглошлифовальные работы 20
A23: P3 | B23: 5 | C23: Химическое никелирование | D23: Нет | E23: — | F23: Раздел на странице № 4 | G23: — | H23: химическое никелирование — 100 | I23: =SUMIFS(Запросы!$C$2:$C$109,Запросы!$A$2:$A$109,B23) | J23: Раздел на другой странице | K23: ="«химическое никелирование»: мини "&COUNTIFS(Выдача!$A$2:$A$200,"химическое никелирование",Выдача!$G$2:$G$200,"Мини-сайт")&" · средн. "&COUNTIFS(Выдача!$A$2:$A$200,"химическое никелирование",Выдача!$G$2:$G$200,"Средний сайт")&" · больш. "&COUNTIFS(Выдача!$A$2:$A$200,"химическое никелирование",Выдача!$G$2:$G$200,"Большой сайт")&" · портал "&COUNTIFS(Выдача!$A$2:$A$200,"химическое никелирование",Выдача!$G$2:$G$200,"Портал / форум / вики") | L23: Смешанная: гальваники + статьи и монографии | M23: zctc на 1-м месте, дальше статьи и монографии — раздел на странице № 4. | N23: химическое никелирование 100
A24: P3 | B24: 17 | C24: Олово-висмут (матовое) | D24: Нет | E24: — | F24: Раздел на странице № 16 | G24: — | H24: покрытие олово-висмут — 40 | I24: =SUMIFS(Запросы!$C$2:$C$109,Запросы!$A$2:$A$109,B24) | J24: Раздел на другой странице | K24: ="«покрытие олово-висмут»: мини "&COUNTIFS(Выдача!$A$2:$A$200,"покрытие олово-висмут",Выдача!$G$2:$G$200,"Мини-сайт")&" · средн. "&COUNTIFS(Выдача!$A$2:$A$200,"покрытие олово-висмут",Выдача!$G$2:$G$200,"Средний сайт")&" · больш. "&COUNTIFS(Выдача!$A$2:$A$200,"покрытие олово-висмут",Выдача!$G$2:$G$200,"Большой сайт")&" · портал "&COUNTIFS(Выдача!$A$2:$A$200,"покрытие олово-висмут",Выдача!$G$2:$G$200,"Портал / форум / вики") | L24: Коммерческая: мини-сайты | M24: Мини-сайты гальваник и форум; спрос маленький — раздел на странице № 16. | N24: покрытие олово-висмут 40, олово висмут покрытие 40
A25: P3 | B25: 11 | C25: Твёрдое анодирование 20–40 и 40–60 мкм | D25: Нет | E25: — | F25: Раздел на странице № 10 | G25: — | H25: твердое анодирование алюминия — 40 | I25: =SUMIFS(Запросы!$C$2:$C$109,Запросы!$A$2:$A$109,B25) | J25: Раздел на другой странице | K25: нет данных | L25: Нет данных в Ahrefs | M25: Выдачи в Ahrefs нет — раздел на странице № 10. | N25: твердое анодирование алюминия 40, твердое анодирование 20
A26: P3 | B26: 13 | C26: Эматалирование | D26: Нет | E26: — | F26: Раздел на странице № 10 | G26: — | H26: эматалирование — 10 | I26: =SUMIFS(Запросы!$C$2:$C$109,Запросы!$A$2:$A$109,B26) | J26: Раздел на другой странице | K26: нет данных | L26: Нет данных в Ahrefs | M26: Выдачи в Ahrefs нет — раздел на странице № 10. | N26: эматалирование 10
A27: P3 | B27: 14 | C27: Анодирование хромовое | D27: Нет | E27: — | F27: Раздел на странице № 10 | G27: — | H27: нет данных | I27: =SUMIFS(Запросы!$C$2:$C$109,Запросы!$A$2:$A$109,B27) | J27: Раздел на другой странице | K27: — | L27: Не проверялось: спроса нет | M27: Раздел на странице № 10. | N27: — | O27: В Ahrefs данных нет
A28: P3 | B28: 7 | C28: Электроплазменная полировка | D28: Нет | E28: — | F28: Раздел на странице № 6 | G28: — | H28: электроплазменная полировка — 0 | I28: =SUMIFS(Запросы!$C$2:$C$109,Запросы!$A$2:$A$109,B28) | J28: Раздел на другой странице | K28: — | L28: Не проверялось: спроса нет | M28: Раздел на странице № 6. | N28: электроплазменная полировка 0, плазменная полировка 0 | O28: В Google спроса нет — проверить в Wordstat
A29: P3 | B29: 22 | C29: Кадмирование фосфатированное | D29: Нет | E29: — | F29: Раздел на странице № 2 | G29: — | H29: кадмирование с фосфатированием — 0 | I29: =SUMIFS(Запросы!$C$2:$C$109,Запросы!$A$2:$A$109,B29) | J29: Раздел на другой странице | K29: ="«кадмирование»: мини "&COUNTIFS(Выдача!$A$2:$A$200,"кадмирование",Выдача!$G$2:$G$200,"Мини-сайт")&" · средн. "&COUNTIFS(Выдача!$A$2:$A$200,"кадмирование",Выдача!$G$2:$G$200,"Средний сайт")&" · больш. "&COUNTIFS(Выдача!$A$2:$A$200,"кадмирование",Выдача!$G$2:$G$200,"Большой сайт")&" · портал "&COUNTIFS(Выдача!$A$2:$A$200,"кадмирование",Выдача!$G$2:$G$200,"Портал / форум / вики") | L29: См. № 2 | M29: Раздел на странице № 2. | N29: кадмирование с фосфатированием 0
A30: P3 | B30: 24 | C30: Кадмирование фосфатированное с оксидированием | D30: Нет | E30: — | F30: Раздел на странице № 2 | G30: — | H30: нет данных | I30: =SUMIFS(Запросы!$C$2:$C$109,Запросы!$A$2:$A$109,B30) | J30: Раздел на другой странице | K30: ="«кадмирование»: мини "&COUNTIFS(Выдача!$A$2:$A$200,"кадмирование",Выдача!$G$2:$G$200,"Мини-сайт")&" · средн. "&COUNTIFS(Выдача!$A$2:$A$200,"кадмирование",Выдача!$G$2:$G$200,"Средний сайт")&" · больш. "&COUNTIFS(Выдача!$A$2:$A$200,"кадмирование",Выдача!$G$2:$G$200,"Большой сайт")&" · портал "&COUNTIFS(Выдача!$A$2:$A$200,"кадмирование",Выдача!$G$2:$G$200,"Портал / форум / вики") | L30: См. № 2 | M30: Раздел на странице № 2. | N30: — | O30: В Ahrefs данных нет
A31: P3 | B31: 26 | C31: Свинцевание | D31: Нет | E31: — | F31: Строка на странице-хабе | G31: — | H31: свинцевание — 0 | I31: =SUMIFS(Запросы!$C$2:$C$109,Запросы!$A$2:$A$109,B31) | J31: Раздел на другой странице | K31: — | L31: Не проверялось: спроса нет | M31: Строка на странице-хабе гальваники. | N31: свинцевание 0
A32: P3 | B32: 21 | C32: Кадмирование (повтор № 2) | D32: — | E32: — | F32: Входит в страницу № 2 | G32: — | H32: нет данных | I32: =SUMIFS(Запросы!$C$2:$C$109,Запросы!$A$2:$A$109,B32) | J32: Раздел на другой странице | K32: — | L32: — | M32: Дубль № 2 в списке клиента. | N32: — | O32: В списке клиента дублирует № 2
C34: Страница на нашем сайте | F34: =COUNTIF($J$2:$J$32,"Страница на нашем сайте")
C35: Отдельный сайт гальваники (страниц) | F35: =COUNTIF($J$2:$J$32,"Отдельный сайт гальваники")
C36: Раздел на другой странице | F36: =COUNTIF($J$2:$J$32,"Раздел на другой странице")
C37: Уточнить у клиента | F37: =COUNTIF($J$2:$J$32,"Уточнить у клиента")
C38: Позиций в выдаче: мини-сайты | F38: =COUNTIF(Выдача!$G$2:$G$200,"Мини-сайт")
C39: Позиций в выдаче: средние сайты | F39: =COUNTIF(Выдача!$G$2:$G$200,"Средний сайт")
C40: Позиций в выдаче: большие сайты | F40: =COUNTIF(Выдача!$G$2:$G$200,"Большой сайт")
C41: Позиций в выдаче: порталы / форумы / вики | F41: =COUNTIF(Выдача!$G$2:$G$200,"Портал / форум / вики")
C42: Сколько раз zctc.ru в топ-10 | F42: =COUNTIF(Выдача!$D$2:$D$200,"zctc.ru")
C44: Выдача: Ahrefs SERP Overview, Google, Россия, топ-10 органики, 15.09.2026. Яндекс и регион «Нижний Новгород» не учтены — выдача Яндекса может отличаться, для P1 её стоит проверить.
C45: Тип сайта — по числу запросов, по которым сайт виден в Google RU (Ahrefs): до 150 — мини-сайт, 150–1000 — средний, больше 1000 — большой. Порталы, форумы, Википедия, маркетплейсы и учебные PDF — отдельно.
C46: «Кто в топ-10» и итоги считаются формулами по листу «Выдача»; «Где делать» и «Вывод» — экспертная оценка по выдаче.
C47: Логика выбора: услуги по нержавейке и металлообработке (резка, пассивация, ЭХП, шлифовка) — страницы на нашем сайте; гальванические покрытия — один отдельный многостраничный сайт, по образцу zctc.ru (≈550 запросов; сколько раз он в топ-10 — см. итог выше).
C48: «Кто в топ-10» учитывает 4 типа сайтов; сайт без данных Ahrefs (гальванопластика.рф в выдаче «химическое оксидирование алюминия») в эти числа не входит.
C49: Цвета «Где делать»: голубой — наш сайт, сиреневый — отдельный сайт гальваники, серый — раздел на другой странице, жёлтый — уточнить.

Sheet Выдача
A1: Запрос | B1: Позиция | C1: Страница в выдаче | D1: Сайт | E1: DR сайта | F1: Запросов у сайта (Google RU) | G1: Тип сайта | H1: Тип страницы (по адресу, ориентировочно)
A2: лазерная резка металла | B2: 2 | C2: https://lasercut.ru/Каталог/Станки | D2: lasercut.ru | E2: 39 | F2: 2331 | G2: Большой сайт | H2: Услуга / каталог
A3: лазерная резка металла | B3: 3 | C3: https://www.ozon.ru/lazernaya-rezka-metalla-stanok | D3: ozon.ru | E3: 91 | G3: Портал / форум / вики | H3: Услуга / каталог
A4: лазерная резка металла | B4: 5 | C4: https://uptk65.ru/blog/chto-takoe-lazernaya-rezka | D4: uptk65.ru | E4: 23 | F4: 256 | G4: Средний сайт | H4: Статья / инфо
A5: лазерная резка металла | B5: 6 | C5: https://mc24.ru/figurnaya-i-khudozhestvennaya | D5: mc24.ru | E5: 15 | F5: 222 | G5: Средний сайт | H5: Прочее
A6: лазерная резка металла | B6: 7 | C6: https://premier-laser.ru/Блог | D6: premier-laser.ru | E6: 5 | F6: 207 | G6: Средний сайт | H6: Статья / инфо
A7: лазерная резка металла | B7: 8 | C7: https://ru.wikipedia.org/wiki/Лазерная_резка | D7: ru.wikipedia.org | E7: 97 | G7: Портал / форум / вики | H7: Статья / инфо
A8: лазерная резка металла | B8: 9 | C8: https://altesa.ru/Каталог | D8: altesa.ru | E8: 11 | F8: 222 | G8: Средний сайт | H8: Услуга / каталог
A9: лазерная резка металла | B9: 10 | C9: https://www.antaeus.ru/Статьи | D9: antaeus.ru | E9: 0.7 | F9: 64 | G9: Мини-сайт | H9: Статья / инфо
A10: лазерная резка нержавейки | B10: 2 | C10: https://gravernu.ru/obrabotka-materialov/lazernaya-rezka/lazernaya-rezka-metallov/rezka-nerzhaveyushhej-stali | D10: gravernu.ru | E10: 2.2 | F10: 568 | G10: Средний сайт | H10: Услуга / каталог
A11: лазерная резка нержавейки | B11: 3 | C11: https://promexcut.ru/lazernaya-rezka/nerzhavejushhaya-stal | D11: promexcut.ru | E11: 35 | F11: 558 | G11: Средний сайт | H11: Услуга / каталог
A12: лазерная резка нержавейки | B12: 4 | C12: https://vt-metall.ru/articles/138-rezka-nerzhaveiki-laserom/ | D12: vt-metall.ru | E12: 26 | F12: 1930 | G12: Большой сайт | H12: Статья / инфо
A13: лазерная резка нержавейки | B13: 6 | C13: https://semtreugolnikov.ru/rezka-nerzhaveyushchej-stali | D13: semtreugolnikov.ru | E13: 2.4 | F13: 222 | G13: Средний сайт | H13: Услуга / каталог
A14: лазерная резка нержавейки | B14: 7 | C14: https://perfosteel.ru/services/lazernaya-rezka-listovogo-metalla/nerzhaveyushhej-stali/ | D14: perfosteel.ru | E14: 0.4 | F14: 87 | G14: Мини-сайт | H14: Услуга / каталог
A15: лазерная резка нержавейки | B15: 8 | C15: https://premier-laser.ru/lazernaya-rezka-nerzhaveyki/ | D15: premier-laser.ru | E15: 5 | F15: 207 | G15: Средний сайт | H15: Услуга / каталог
A16: лазерная резка нержавейки | B16: 9 | C16: https://metall-24.ru/services/rezka-nerzhaveyki/ | D16: metall-24.ru | E16: 0.4 | F16: 345 | G16: Средний сайт | H16: Услуга / каталог
A17: лазерная резка нержавейки | B17: 10 | C17: https://plazma-spb.ru/lazernaja-rezka-nerjaveuchey-stali/ | D17: plazma-spb.ru | E17: 9 | F17: 114 | G17: Мини-сайт | H17: Услуга / каталог
A18: анодирование алюминия | B18: 2 | C18: https://fortis-steel.ru/Услуги | D18: fortis-steel.ru | E18: 4 | F18: 544 | G18: Средний сайт | H18: Услуга / каталог
A19: анодирование алюминия | B19: 3 | C19: https://www.drive2.ru/ | D19: drive2.ru | E19: 79 | G19: Портал / форум / вики | H19: Главная страница сайта
A20: анодирование алюминия | B20: 5 | C20: https://metallcleaner.com/aluminiy-anodirovanie | D20: metallcleaner.com | E20: 10 | F20: 118 | G20: Мини-сайт | H20: Услуга / каталог
A21: анодирование алюминия | B21: 6 | C21: https://rtg-mps.ru/Статьи | D21: rtg-mps.ru | E21: 21 | F21: 428 | G21: Средний сайт | H21: Статья / инфо
A22: анодирование алюминия | B22: 7 | C22: https://oxi-pro.ru/chto-takoe-anodirovanie-alyuminiya | D22: oxi-pro.ru | E22: 0 | F22: 16 | G22: Мини-сайт | H22: Статья / инфо
A23: анодирование алюминия | B23: 8 | C23: https://www.atissteel.ru/anodirovka-aljuminija | D23: atissteel.ru | E23: 3.9 | F23: 858 | G23: Средний сайт | H23: Услуга / каталог
A24: анодирование алюминия | B24: 9 | C24: https://precision-machines.ru/viewtopic | D24: precision-machines.ru | E24: 0.1 | F24: 17 | G24: Мини-сайт | H24: Статья / инфо
A25: анодирование алюминия | B25: 10 | C25: https://ru.wikipedia.org/wiki/Анодирование | D25: ru.wikipedia.org | E25: 97 | G25: Портал / форум / вики | H25: Статья / инфо
A26: гальваническое цинкование | B26: 2 | C26: https://zincor-lkm.ru/articles/cinkovanie-metalla/galvanicheskoe_cinkovanie/ | D26: zincor-lkm.ru | E26: 19 | F26: 488 | G26: Средний сайт | H26: Статья / инфо
A27: гальваническое цинкование | B27: 4 | C27: https://t-zinc.ru/o-kompanii/stati/texnologiya-galvanicheskogo-czinkovaniya.html | D27: t-zinc.ru | E27: 12 | F27: 125 | G27: Мини-сайт | H27: Статья / инфо
A28: гальваническое цинкование | B28: 5 | C28: https://www.drive2.ru/b/571998110557929989/ | D28: drive2.ru | E28: 79 | G28: Портал / форум / вики | H28: Прочее
A29: гальваническое цинкование | B29: 6 | C29: https://zavod-kmk.ru/info/galvanicheskoe-cinkovanie-metalla-tekhnologiya | D29: zavod-kmk.ru | E29: 33 | F29: 766 | G29: Средний сайт | H29: Статья / инфо
A30: гальваническое цинкование | B30: 9 | C30: https://biblioserver.usurt.ru/cgi-bin/irbis64r_13/cgiirbis_64.exe (PDF) | D30: biblioserver.usurt.ru | E30: 51 | G30: Портал / форум / вики | H30: Статья / инфо
A31: гальваническое цинкование | B31: 10 | C31: https://fcm-terminal.com/services/galvanized | D31: fcm-terminal.com | E31: 6 | F31: 16 | G31: Мини-сайт | H31: Услуга / каталог
A32: цинкование металла | B32: 2 | C32: https://www.drive2.ru/b/571998110557929989/ | D32: drive2.ru | E32: 79 | G32: Портал / форум / вики | H32: Прочее
A33: цинкование металла | B33: 3 | C33: https://zavod-kmk.ru/info/vidy-tsinkovaniya-metalla | D33: zavod-kmk.ru | E33: 33 | F33: 766 | G33: Средний сайт | H33: Статья / инфо
A34: цинкование металла | B34: 5 | C34: https://centr-zinc.ru/statie/holodnoe-cinkovanie-v-domashnih-usloviyah/ | D34: centr-zinc.ru | E34: 24 | F34: 10 | G34: Мини-сайт | H34: Статья / инфо
A35: цинкование металла | B35: 6 | C35: https://ru.wikipedia.org/wiki/Цинкование | D35: ru.wikipedia.org | E35: 97 | G35: Портал / форум / вики | H35: Статья / инфо
A36: цинкование металла | B36: 7 | C36: https://market.severstal.com/ru/ru/t/27001 | D36: market.severstal.com | E36: 72 | G36: Портал / форум / вики | H36: Прочее
A37: цинкование металла | B37: 8 | C37: https://promsnab.me/news/_tsinkovanie_2_sposoba_nanesti_tsink_na_metall_/ | D37: promsnab.me | E37: 4.3 | F37: 426 | G37: Средний сайт | H37: Статья / инфо
A38: цинкование металла | B38: 9 | C38: https://www.krepco.ru/blog/tsink1/ | D38: krepco.ru | E38: 19 | F38: 1395 | G38: Большой сайт | H38: Статья / инфо
A39: цинкование металла | B39: 10 | C39: https://steel-ex.ru/services/tsinkovanie/ | D39: steel-ex.ru | E39: 2 | F39: 2049 | G39: Большой сайт | H39: Услуга / каталог
A40: пассивация нержавейки | B40: 2 | C40: https://pharmawater.ru/about/stati/passivaciya-nerzhaveyushchej-stali/ | D40: pharmawater.ru | E40: 27 | F40: 197 | G40: Средний сайт | H40: Статья / инфо
A41: пассивация нержавейки | B41: 4 | C41: https://morvesti.ru/analitika/1685/81153/ | D41: morvesti.ru | E41: 50 | G41: Портал / форум / вики | H41: Статья / инфо
A42: пассивация нержавейки | B42: 5 | C42: https://www.chipmaker.ru/topic/57138/ | D42: chipmaker.ru | E42: 38 | F42: 4604 | G42: Портал / форум / вики | H42: Статья / инфо
A43: пассивация нержавейки | B43: 6 | C43: https://runwillpools.ru/news/elektrokhimicheskaya_passivatsiya_nerzhaveyushchey_stali/ | D43: runwillpools.ru | E43: 7 | F43: 30 | G43: Мини-сайт | H43: Статья / инфо
A44: пассивация нержавейки | B44: 7 | C44: https://cip-system.ru/stati/ochistka-i-passivaciya-svarnyh-shvov | D44: cip-system.ru | E44: 0.2 | F44: 26 | G44: Мини-сайт | H44: Статья / инфо
A45: пассивация нержавейки | B45: 8 | C45: https://zctc.ru/products/passivaciya_nerjavejushej_stali | D45: zctc.ru | E45: 12 | F45: 547 | G45: Средний сайт | H45: Услуга / каталог
A46: пассивация нержавейки | B46: 9 | C46: https://www.stankoff.ru/blog/post/782 | D46: stankoff.ru | E46: 42 | F46: 3432 | G46: Большой сайт | H46: Статья / инфо
A47: пассивация нержавейки | B47: 10 | C47: https://inner.su/articles/passivatsiya-nerzhaveyki-eto/ | D47: inner.su | E47: 21 | F47: 13091 | G47: Большой сайт | H47: Статья / инфо
A48: травление нержавеющей стали | B48: 2 | C48: https://stankiexpert.ru/spravochnik/materialovedenie/travlenie-nerzhaveyushhejj-stali.html | D48: stankiexpert.ru | E48: 25 | F48: 42 | G48: Мини-сайт | H48: Статья / инфо
A49: травление нержавеющей стали | B49: 3 | C49: https://solidiron.ru/steel/travlenie-nerzhaveyushhejj-stali-pokazaniya-metody-travleniya.html | D49: solidiron.ru | E49: 0.2 | F49: 0 | G49: Мини-сайт | H49: Статья / инфо
A50: травление нержавеющей стали | B50: 4 | C50: https://vtorexpo.ru/galvanika/travlenie-nerzhaveyushhej-stali-na-domu.html | D50: vtorexpo.ru | E50: 4.2 | F50: 0 | G50: Мини-сайт | H50: Статья / инфо
A51: травление нержавеющей стали | B51: 5 | C51: http://stalevarim.ru/pub/travlenie-nerzhaveuschih-staley/ | D51: stalevarim.ru | E51: 7 | F51: 0 | G51: Мини-сайт | H51: Статья / инфо
A52: травление нержавеющей стали | B52: 7 | C52: http://met-all.org/stal/obrabotka-nerzhaveyushhej-stali-travlenie-shlifovanie-satinirovanie.html | D52: met-all.org | E52: 23 | F52: 21 | G52: Мини-сайт | H52: Статья / инфо
A53: травление нержавеющей стали | B53: 8 | C53: https://instanko.ru/drugoe/travlenie-nerzhavejki.html | D53: instanko.ru | E53: 20 | F53: 0 | G53: Мини-сайт | H53: Статья / инфо
... A57: гидроабразивная резка металла | B57: 3 | C57: https://shtorm.ru/info/articles/tekhnologiya-gidroabrazivnoy-rezki-/ | D57: shtorm.ru | E57: 7 | F57: 147 | G57: Мини-сайт | H57: Статья / инфо
A58: гидроабразивная резка металла | B58: 4 | C58: https://ru.wikipedia.org/wiki/Гидроабразивная_резка | D58: ru.wikipedia.org | E58: 97 | G58: Портал / форум / вики | H58: Статья / инфо
A59: гидроабразивная резка металла | B59: 6 | C59: https://utk-steel.ru/services/rezka/gidroabrazivnaya-rezka/ | D59: utk-steel.ru | E59: 7 | F59: 197 | G59: Средний сайт | H59: Услуга / каталог
A60: гидроабразивная резка металла | B60: 7 | C60: https://www.stankoff.ru/blog/post/690 | D60: stankoff.ru | E60: 42 | F60: 3432 | G60: Большой сайт | H60: Статья / инфо
A61: гидроабразивная резка металла | B61: 8 | C61: https://listmet.ru/services/production/ | D61: listmet.ru | E61: 16 | F61: 131 | G61: Мини-сайт | H61: Услуга / каталог
A62: гидроабразивная резка металла | B62: 9 | C62: https://laserstore.ru/blog/gidroabrazivnaya-rezka/ | D62: laserstore.ru | E62: 16 | F62: 867 | G62: Средний сайт | H62: Статья / инфо
A63: гидроабразивная резка металла | B63: 10 | C63: https://promexcut.ru/gidroabrazivnaya-rezka | D63: promexcut.ru | E63: 35 | F63: 558 | G63: Средний сайт | H63: Услуга / каталог
A64: гальванические покрытия | B64: 2 | C64: https://pzki54.ru/stati/galvanicheskoe-pokrytie-metalla.php | D64: pzki54.ru | E64: 3.3 | F64: 278 | G64: Средний сайт | H64: Статья / инфо
A65: гальванические покрытия | B65: 4 | C65: https://uralactiv.ru/articles/galvanicheskie-pokrytiya/ | D65: uralactiv.ru | E65: 9 | F65: 250 | G65: Средний сайт | H65: Статья / инфо
A66: гальванические покрытия | B66: 5 | C66: https://vector-ostrov.ru/blog/galvanicheskoe-pokrytie-metalla-chto-eto-i-kak-rabotaet/ | D66: vector-ostrov.ru | E66: 0 | F66: 31 | G66: Мини-сайт | H66: Статья / инфо
A67: гальванические покрытия | B67: 6 | C67: https://trusty-tools.ru/articles/galvanicheskoe-pokrytie | D67: trusty-tools.ru | E67: 24 | F67: 951 | G67: Средний сайт | H67: Статья / инфо
A68: гальванические покрытия | B68: 7 | C68: https://vils.ru/articles/galvanicheskoe-pokrytie-naznachenie-vidy-nanesenie/ | D68: vils.ru | E68: 9 | F68: 505 | G68: Средний сайт | H68: Статья / инфо
A69: гальванические покрытия | B69: 8 | C69: https://media.coop-tech.ru/articles/tehnologiya/galvanicheskoe-pokrytie/ | D69: media.coop-tech.ru | E69: 18 | F69: 256 | G69: Средний сайт | H69: Статья / инфо
A70: гальванические покрытия | B70: 9 | C70: https://signal-spb.ru/nashi-vozmozhnosti/proizvodstvo/galvanika/ | D70: signal-spb.ru | E70: 2.2 | F70: 14 | G70: Мини-сайт | H70: Услуга / каталог
A71: гальванические покрытия | B71: 10 | C71: https://www.metiz.com.tw/plating_type.htm | D71: metiz.com.tw | E71: 1.8 | F71: 111 | G71: Мини-сайт | H71: Прочее
A72: хромирование деталей | B72: 2 | C72: https://www.avito.ru/all?q=хромирование+деталей | D72: avito.ru | E72: 90 | G72: Портал / форум / вики | H72: Прочее
A73: хромирование деталей | B73: 3 | C73: https://inner.su/articles/khromirovanie-detali/ | D73: inner.su | E73: 21 | F73: 13091 | G73: Большой сайт | H73: Статья / инфо
A74: хромирование деталей | B74: 5 | C74: https://www.ozon.ru/category/hromirovanie/ | D74: ozon.ru | E74: 91 | G74: Портал / форум / вики | H74: Услуга / каталог
A75: хромирование деталей | B75: 6 | C75: https://fusion-chrome.ru/articles/khromirovanie-i-tyuning-i-zashchita-dlya-detaley-avtomobilya/ | D75: fusion-chrome.ru | E75: 0.2 | F75: 46 | G75: Мини-сайт | H75: Статья / инфо
A76: хромирование деталей | B76: 7 | C76: https://www.cultmet.ru/goods/23811900-khromirovaniye | D76: cultmet.ru | E76: 0 | F76: 29 | G76: Мини-сайт | H76: Услуга / каталог
A77: хромирование деталей | B77: 8 | C77: https://ru.wikipedia.org/wiki/Хромирование | D77: ru.wikipedia.org | E77: 97 | G77: Портал / форум / вики | H77: Статья / инфо
A78: хромирование деталей | B78: 9 | C78: https://www.maestro-chrome.ru/ | D78: maestro-chrome.ru | E78: 0 | F78: 39 | G78: Мини-сайт | H78: Главная страница сайта
A79: твердое хромирование | B79: 1 | C79: https://habr.com/ru/articles/988302/ | D79: habr.com | E79: 88 | G79: Портал / форум / вики | H79: Статья / инфо
A80: твердое хромирование | B80: 2 | C80: https://hrom-prom.ru/твердый-хром/ | D80: hrom-prom.ru | E80: 0.2 | F80: 69 | G80: Мини-сайт | H80: Услуга / каталог
A81: твердое хромирование | B81: 4 | C81: https://urzpm.ru/uslugi/galvanicheskie-pokrytija/hromirovanie/tverdoe-hromirovanie-stali/ | D81: urzpm.ru | E81: 0.2 | F81: 181 | G81: Средний сайт | H81: Услуга / каталог
A82: твердое хромирование | B82: 5 | C82: https://zgp1.ru/assets/coat/chrome/chrome_coat.html | D82: zgp1.ru | E82: 4.2 | F82: 24 | G82: Мини-сайт | H82: Прочее
A83: твердое хромирование | B83: 6 | C83: https://www.sdbksteel.com/ru/a-guide-to-hard-chrome-plating/ | D83: sdbksteel.com | E83: 8 | F83: 14 | G83: Мини-сайт | H83: Статья / инфо
A84: твердое хромирование | B84: 7 | C84: https://www.chipmaker.ru/topic/236695/ | D84: chipmaker.ru | E84: 38 | F84: 4604 | G84: Портал / форум / вики | H84: Статья / инфо
A85: твердое хромирование | B85: 8 | C85: https://ru.wikipedia.org/wiki/Хромирование | D85: ru.wikipedia.org | E85: 97 | G85: Портал / форум / вики | H85: Статья / инфо
A86: твердое хромирование | B86: 9 | C86: https://www.sifrainternational.com/ru/толстое-твердое-хромирование/ | D86: sifrainternational.com | E86: 4 | F86: 1 | G86: Мини-сайт | H86: Прочее
A87: твердое хромирование | B87: 10 | C87: https://galvanika-msk.com/services/hromirovanie-tverdoe/ | D87: galvanika-msk.com | E87: 0 | F87: 12 | G87: Мини-сайт | H87: Услуга / каталог
A88: никелирование | B88: 2 | C88: https://chemnikel.ru/galvanicheskoe-nikelirovanie-elektrolity-tehnologiya/ | D88: chemnikel.ru | E88: 4.6 | F88: 53 | G88: Мини-сайт | H88: Прочее
A89: никелирование | B89: 3 | C89: https://6mkm.ru/nashi-tehnologii/nikelirovanie/nikelirovanie-v-domashnih-usloviyah/ | D89: 6mkm.ru | E89: 8 | F89: 259 | G89: Средний сайт | H89: Статья / инфо
A90: никелирование | B90: 5 | C90: https://pzki54.ru/stati/galvanicheskoe-pokrytie-nikelem.php | D90: pzki54.ru | E90: 3.3 | F90: 278 | G90: Средний сайт | H90: Статья / инфо
A91: никелирование | B91: 6 | C91: https://zctc.ru/catalog/Nickelirovanie | D91: zctc.ru | E91: 12 | F91: 547 | G91: Средний сайт | H91: Услуга / каталог
A92: никелирование | B92: 7 | C92: https://spb.hrom-prom.ru/никелирование/ | D92: hrom-prom.ru | E92: 0.2 | F92: 69 | G92: Мини-сайт | H92: Услуга / каталог
A93: никелирование | B93: 8 | C93: https://impgold.ru/electroplating/metalplating/electrolysis_nik/ | D93: impgold.ru | E93: 1.1 | F93: 66 | G93: Мини-сайт | H93: Прочее
A94: никелирование | B94: 9 | C94: https://oniks-krep.ru/blog/o-krepezhe/chto-takoe-khimicheskoe-nikelirovanie/ | D94: oniks-krep.ru | E94: 39 | F94: 2617 | G94: Большой сайт | H94: Статья / инфо
A95: электрохимическая полировка | B95: 2 | C95: https://habr.com/ru/companies/ruvds/articles/910370/ | D95: habr.com | E95: 88 | G95: Портал / форум / вики | H95: Статья / инфо
A96: электрохимическая полировка | B96: 3 | C96: https://platings.ru/polish_ssteel | D96: platings.ru | E96: 0.3 | F96: 65 | G96: Мини-сайт | H96: Услуга / каталог
A97: электрохимическая полировка | B97: 5 | C97: https://vladresurs.ru/elektrohimicheskaya-polirovka-stali | D97: vladresurs.ru | E97: 21 | F97: 119 | G97: Мини-сайт | H97: Услуга / каталог
A98: электрохимическая полировка | B98: 6 | C98: https://ooomedikon.ru/articles/elektrokhimicheskaya-polirovka-nerzhaveyushchey-stali-chto-eto/ | D98: ooomedikon.ru | E98: 13 | F98: 276 | G98: Средний сайт | H98: Статья / инфо
A99: электрохимическая полировка | B99: 7 | C99: https://www.chipmaker.ru/topic/55/ | D99: chipmaker.ru | E99: 38 | F99: 4604 | G99: Портал / форум / вики | H99: Статья / инфо
A100: электрохимическая полировка | B100: 8 | C100: https://www.sapphire.ru/categories/elektrokhimicheskaya-polirovka-otes-epag-1 | D100: sapphire.ru | E100: 21 | F100: 385 | G100: Средний сайт | H100: Услуга / каталог
A101: электрохимическая полировка | B101: 9 | C101: https://zctc.ru/sections/tehnologiya-processa-polirovaniya-nerjavejki | D101: zctc.ru | E101: 12 | F101: 547 | G101: Средний сайт | H101: Услуга / каталог
A102: оксидирование стали | B102: 1 | C102: https://smetiz.ru/tekhnicheskaya-informaciya/pokrytiya/oksidirovanie/ | D102: smetiz.ru | E102: 10 | F102: 704 | G102: Средний сайт | H102: Статья / инфо
A103: оксидирование стали | B103: 3 | C103: https://vt-metall.ru/articles/893-oksidirovanie-metalla/ | D103: vt-metall.ru | E103: 26 | F103: 1930 | G103: Большой сайт | H103: Статья / инфо
...

Sheet Запросы
A1: № у клиента | B1: Запрос | C1: Объём, Ahrefs RU (Google), мес. | D1: Сложность KD | E1: Wordstat точная
A2: 29 | B2: лазерная резка металла | C2: 1000 | D2: 0
A3: 29 | B3: лазерная резка | C3: 600 | D3: 5
A4: 29 | B4: лазерная резка нержавейки | C4: 500 | D4: 0
A5: 29 | B5: лазерная резка нержавеющей стали | C5: 300 | D5: 0
A6: 29 | B6: резка нержавейки лазером | C6: 200 | D6: 0 | E6: 22
A7: 29 | B7: лазерная резка металла нижний новгород | C7: 50 | D7: 0
A8: 29 | B8: лазерная резка нижний новгород | C8: 40
A9: 29 | B9: лазерная резка нержавейки нижний новгород | C9: 0
A10: 10 | B10: анодирование | C10: 900 | D10: 7
A11: 10 | B11: анодирование алюминия | C11: 600 | D11: 0
A12: 10 | B12: анодное оксидирование | C12: 80 | D12: 0
A13: 10 | B13: анодирование алюминия цена | C13: 70 | D13: 0
A14: 10 | B14: цветное анодирование алюминия | C14: 30 | D14: 14
A15: 10 | B15: анодирование нижний новгород | C15: 0
A16: 1 | B16: цинкование | C16: 400 | D16: 0
A17: 1 | B17: цинкование металла | C17: 300 | D17: 0
A18: 1 | B18: гальваническое цинкование | C18: 150 | D18: 0
A19: 1 | B19: цинкование деталей | C19: 50 | D19: 0
A20: 1 | B20: черное цинкование | C20: 30
A21: 1 | B21: цинкование с хроматированием | C21: 20
A22: 1 | B22: оцинковка деталей | C22: 20
A23: 1 | B23: цинкование цена | C23: 20 | D23: 0
A24: 1 | B24: желтое цинкование | C24: 10
A25: 1 | B25: цинкование крепежа | C25: 10
A26: 1 | B26: цинкование нижний новгород | C26: 0
A27: 25 | B27: пассивация | C27: 300 | D27: 0
A28: 25 | B28: пассивация металла | C28: 150 | D28: 0
A29: 25 | B29: пассивация нержавейки | C29: 150 | D29: 0
A30: 25 | B30: пассивация нержавеющей стали | C30: 80 | D30: 0
A31: 8 | B31: травление металла | C31: 150 | D31: 0
A32: 8 | B32: травление нержавеющей стали | C32: 40
A33: 8 | B33: травление нержавейки | C33: 30 | D33: 0
A34: 8 | B34: травление сварных швов | C34: 0
A35: 8 | B35: травление и пассивация | C35: 0
A36: 30 | B36: гидроабразивная резка | C36: 350 | D36: 17
A37: 30 | B37: гидроабразивная резка металла | C37: 300 | D37: 6
A38: 30 | B38: гидрорезка | C38: 200 | D38: 0
A39: 30 | B39: гидроабразивная резка нижний новгород | C39: 20
A40: Хаб | B40: гальванические покрытия | C40: 150 | D40: 0
A41: Хаб | B41: гальваническое покрытие металла | C41: 90 | D41: 0
A42: Хаб | B42: нанесение гальванических покрытий | C42: 80 | D42: 0
A43: Хаб | B43: услуги гальваники | C43: 40 | D43: 0
A44: Хаб | B44: гальваника на заказ | C44: 20
A45: Хаб | B45: гальваника нижний новгород | C45: 0
A46: 18 | B46: хромирование | C46: 250 | D46: 0
A47: 18 | B47: хромирование деталей | C47: 250 | D47: 0
A48: 18 | B48: гальваническое хромирование | C48: 80 | D48: 0
A49: 18 | B49: твердое хромирование | C49: 20 | D49: 0
A50: 18 | B50: хромирование штоков | C50: 0
A51: 18 | B51: хромирование нижний новгород | C51: 0
A52: 4 | B52: никелирование | C52: 350 | D52: 0
A53: 4 | B53: гальваническое никелирование | C53: 60 | D53: 0
A54: 4 | B54: никелирование металла | C54: 50 | D54: 0
A55: 4 | B55: никелирование деталей | C55: 50 | D55: 0
A56: 4 | B56: блестящее никелирование | C56: 0
A57: 6 | B57: электрополировка | C57: 90 | D57: 0
A58: 6 | B58: электрохимическая полировка | C58: 80 | D58: 0
A59: 6 | B59: электрохимическая полировка нержавейки | C59: 30 | D59: 0
A60: 6 | B60: электрополировка нержавеющей стали | C60: 30
A61: 6 | B61: электрополировка нержавейки | C61: 10
A62: 9 | B62: воронение металла | C62: 350 | D62: 0
A63: 9 | B63: оксидирование | C63: 250 | D63: 0
A64: 9 | B64: оксидирование стали | C64: 150 | D64: 0
A65: 9 | B65: химическое оксидирование | C65: 100 | D65: 0
A66: 9 | B66: химическое оксидирование стали | C66: 50 | D66: 0
A67: 23 | B67: фосфатирование | C67: 300 | D67: 0
A68: 23 | B68: фосфатирование металла | C68: 150 | D68: 0
A69: 23 | B69: химическое фосфатирование | C69: 40 | D69: 0
A70: 12 | B70: анодирование титана | C70: 400 | D70: 0
A71: 19 | B71: серебрение | C71: 150 | D71: 0
A72: 19 | B72: гальваническое серебрение | C72: 150 | D72: 0
A73: 19 | B73: серебрение металла | C73: 50 | D73: 0
A74: 27 | B74: шлифовка металла | C74: 250 | D74: 0
A75: 27 | B75: плоская шлифовка | C75: 30
A76: 27 | B76: плоское шлифование | C76: 20
A77: 27 | B77: шлифовка металла на заказ | C77: 0
A78: 16 | B78: лужение | C78: 200 | D78: 0
A79: 16 | B79: оловянирование | C79: 40 | D79: 0
A80: 16 | B80: лужение меди | C80: 40 | D80: 0
A81: 16 | B81: гальваническое лужение | C81: 10
A82: 3 | B82: меднение | C82: 100 | D82: 0
A83: 3 | B83: меднение металла | C83: 70 | D83: 0
A84: 3 | B84: гальваническое меднение | C84: 60 | D84: 0
A85: 3 | B85: меднение алюминия | C85: 40 | D85: 0
A86: 20 | B86: гальваническое золочение | C86: 150 | D86: 0
A87: 20 | B87: золочение | C87: 100 | D87: 0
A88: 2 | B88: кадмирование | C88: 200 | D88: 0
A89: 2 | B89: кадмирование деталей | C89: 30
A90: 15 | B90: хроматирование | C90: 80 | D90: 0
A91: 15 | B91: химическое оксидирование алюминия | C91: 40 | D91: 0
A92: 15 | B92: хроматирование алюминия | C92: 10
A93: 28 | B93: круглая шлифовка | C93: 60 | D93: 0
A94: 28 | B94: круглое шлифование | C94: 40 | D94: 0
A95: 28 | B95: круглошлифовальные работы | C95: 20
A96: 5 | B96: химическое никелирование | C96: 100 | D96: 0
A97: 17 | B97: покрытие олово-висмут | C97: 40 | D97: 0
A98: 17 | B98: олово висмут покрытие | C98: 40 | D98: 0
A99: 11 | B99: твердое анодирование алюминия | C99: 40
A100: 11 | B100: твердое анодирование | C100: 20
...
