Workbook

Sheet План
A1: Куда | B1: Очередь | C1: Сайт / страница | D1: Какие услуги входят (№ у клиента) | E1: Спрос, запросов в месяц | F1: Небольших сайтов в топ-10 | G1: Средних | H1: Больших | I1: Порталов, форумов, вики | J1: Доля небольших и средних | K1: Сейчас на нашем сайте | L1: Адрес | M1: Почему так
A2: Небольшой отдельный сайт | B2: 1 | C2: Анодирование | D2: № 10 Анодирование алюминия (бцв, ч, нхр, нв); № 12 Анодирование титана (аноцвет); № 11 Твёрдое анодирование 20–40 и 40–60 мкм; № 13 Эматалирование; № 14 Анодирование хромовое; № 15 Хим. оксидирование алюминия (электропроводное) | E2: =SUMIFS(Запросы!$C$2:$C$109,Запросы!$A$2:$A$109,10)+SUMIFS(Запросы!$C$2:$C$109,Запросы!$A$2:$A$109,12)+SUMIFS(Запросы!$C$2:$C$109,Запросы!$A$2:$A$109,11)+SUMIFS(Запросы!$C$2:$C$109,Запросы!$A$2:$A$109,13)+SUMIFS(Запросы!$C$2:$C$109,Запросы!$A$2:$A$109,14)+SUMIFS(Запросы!$C$2:$C$109,Запросы!$A$2:$A$109,15) | F2: =COUNTIFS(Выдача!$A$2:$A$198,"анодирование алюминия",Выдача!$C$2:$C$198,"Мини-сайт")+COUNTIFS(Выдача!$A$2:$A$198,"анодирование титана",Выдача!$C$2:$C$198,"Мини-сайт")+COUNTIFS(Выдача!$A$2:$A$198,"химическое оксидирование алюминия",Выдача!$C$2:$C$198,"Мини-сайт") | G2: =COUNTIFS(Выдача!$A$2:$A$198,"анодирование алюминия",Выдача!$C$2:$C$198,"Средний сайт")+COUNTIFS(Выдача!$A$2:$A$198,"анодирование титана",Выдача!$C$2:$C$198,"Средний сайт")+COUNTIFS(Выдача!$A$2:$A$198,"химическое оксидирование алюминия",Выдача!$C$2:$C$198,"Средний сайт") | H2: =COUNTIFS(Выдача!$A$2:$A$198,"анодирование алюминия",Выдача!$C$2:$C$198,"Большой сайт")+COUNTIFS(Выдача!$A$2:$A$198,"анодирование титана",Выдача!$C$2:$C$198,"Большой сайт")+COUNTIFS(Выдача!$A$2:$A$198,"химическое оксидирование алюминия",Выдача!$C$2:$C$198,"Большой сайт") | I2: =COUNTIFS(Выдача!$A$2:$A$198,"анодирование алюминия",Выдача!$C$2:$C$198,"Портал / форум / вики")+COUNTIFS(Выдача!$A$2:$A$198,"анодирование титана",Выдача!$C$2:$C$198,"Портал / форум / вики")+COUNTIFS(Выдача!$A$2:$A$198,"химическое оксидирование алюминия",Выдача!$C$2:$C$198,"Портал / форум / вики") | J2: =IFERROR((F2+G2)/(F2+G2+H2+I2),"—") | K2: Нет | L2: отдельный домен | M2: Самый большой спрос из покрытий. В топе узкие небольшие сайты анодирования (oxi-pro, metallcleaner, atissteel), больших игроков нет. От нержавейки далеко. Алюминий, титан, твёрдое анодирование, эматаль и хим. оксидирование алюминия — разделы одного сайта.
A3: Небольшой отдельный сайт | B3: 1 | C3: Цинкование и кадмирование | D3: № 1 Цинкование (бцв, хр, чёрное — П.бцв, П.хр, П.ч); № 2 Кадмирование (бцв, хр); № 21 Кадмирование (повтор № 2); № 22 Кадмирование фосфатированное; № 24 Кадмирование фосфатированное с оксидированием; № 26 Свинцевание | E3: =SUMIFS(Запросы!$C$2:$C$109,Запросы!$A$2:$A$109,1)+SUMIFS(Запросы!$C$2:$C$109,Запросы!$A$2:$A$109,2)+SUMIFS(Запросы!$C$2:$C$109,Запросы!$A$2:$A$109,21)+SUMIFS(Запросы!$C$2:$C$109,Запросы!$A$2:$A$109,22)+SUMIFS(Запросы!$C$2:$C$109,Запросы!$A$2:$A$109,24)+SUMIFS(Запросы!$C$2:$C$109,Запросы!$A$2:$A$109,26) | F3: =COUNTIFS(Выдача!$A$2:$A$198,"гальваническое цинкование",Выдача!$C$2:$C$198,"Мини-сайт")+COUNTIFS(Выдача!$A$2:$A$198,"цинкование металла",Выдача!$C$2:$C$198,"Мини-сайт")+COUNTIFS(Выдача!$A$2:$A$198,"кадмирование",Выдача!$C$2:$C$198,"Мини-сайт") | G3: =COUNTIFS(Выдача!$A$2:$A$198,"гальваническое цинкование",Выдача!$C$2:$C$198,"Средний сайт")+COUNTIFS(Выдача!$A$2:$A$198,"цинкование металла",Выдача!$C$2:$C$198,"Средний сайт")+COUNTIFS(Выдача!$A$2:$A$198,"кадмирование",Выдача!$C$2:$C$198,"Средний сайт") | H3: =COUNTIFS(Выдача!$A$2:$A$198,"гальваническое цинкование",Выдача!$C$2:$C$198,"Большой сайт")+COUNTIFS(Выдача!$A$2:$A$198,"цинкование металла",Выдача!$C$2:$C$198,"Большой сайт")+COUNTIFS(Выдача!$A$2:$A$198,"кадмирование",Выдача!$C$2:$C$198,"Большой сайт") | I3: =COUNTIFS(Выдача!$A$2:$A$198,"гальваническое цинкование",Выдача!$C$2:$C$198,"Портал / форум / вики")+COUNTIFS(Выдача!$A$2:$A$198,"цинкование металла",Выдача!$C$2:$C$198,"Портал / форум / вики")+COUNTIFS(Выдача!$A$2:$A$198,"кадмирование",Выдача!$C$2:$C$198,"Портал / форум / вики") | J3: =IFERROR((F3+G3)/(F3+G3+H3+I3),"—") | K3: Нет | L3: отдельный домен | M3: Защитные покрытия стали — одна аудитория. В топе статьи и небольшие сайты (zincor-lkm, t-zinc, galvan.ru, npkhrom). Кадмирование и свинцевание — разделы. В текстах развести с горячим цинкованием.
A4: Небольшой отдельный сайт | B4: 1 | C4: Никелирование | D4: № 4 Гальваническое никелирование (блестящее); № 5 Химическое никелирование | E4: =SUMIFS(Запросы!$C$2:$C$109,Запросы!$A$2:$A$109,4)+SUMIFS(Запросы!$C$2:$C$109,Запросы!$A$2:$A$109,5) | F4: =COUNTIFS(Выдача!$A$2:$A$198,"никелирование",Выдача!$C$2:$C$198,"Мини-сайт")+COUNTIFS(Выдача!$A$2:$A$198,"химическое никелирование",Выдача!$C$2:$C$198,"Мини-сайт") | G4: =COUNTIFS(Выдача!$A$2:$A$198,"никелирование",Выдача!$C$2:$C$198,"Средний сайт")+COUNTIFS(Выдача!$A$2:$A$198,"химическое никелирование",Выдача!$C$2:$C$198,"Средний сайт") | H4: =COUNTIFS(Выдача!$A$2:$A$198,"никелирование",Выдача!$C$2:$C$198,"Большой сайт")+COUNTIFS(Выдача!$A$2:$A$198,"химическое никелирование",Выдача!$C$2:$C$198,"Большой сайт") | I4: =COUNTIFS(Выдача!$A$2:$A$198,"никелирование",Выдача!$C$2:$C$198,"Портал / форум / вики")+COUNTIFS(Выдача!$A$2:$A$198,"химическое никелирование",Выдача!$C$2:$C$198,"Портал / форум / вики") | J4: =IFERROR((F4+G4)/(F4+G4+H4+I4),"—") | K4: Нет | L4: отдельный домен | M4: В топе небольшие гальванические сайты (chemnikel, 6mkm, zctc), больших игроков нет. Химическое никелирование — раздел.
A5: Небольшой отдельный сайт | B5: 1 | C5: Твёрдое хромирование | D5: № 18 Хромирование твёрдое | E5: =SUMIFS(Запросы!$C$2:$C$109,Запросы!$A$2:$A$109,18) | F5: =COUNTIFS(Выдача!$A$2:$A$198,"твердое хромирование",Выдача!$C$2:$C$198,"Мини-сайт")+COUNTIFS(Выдача!$A$2:$A$198,"хромирование деталей",Выдача!$C$2:$C$198,"Мини-сайт") | G5: =COUNTIFS(Выдача!$A$2:$A$198,"твердое хромирование",Выдача!$C$2:$C$198,"Средний сайт")+COUNTIFS(Выдача!$A$2:$A$198,"хромирование деталей",Выдача!$C$2:$C$198,"Средний сайт") | H5: =COUNTIFS(Выдача!$A$2:$A$198,"твердое хромирование",Выдача!$C$2:$C$198,"Большой сайт")+COUNTIFS(Выдача!$A$2:$A$198,"хромирование деталей",Выдача!$C$2:$C$198,"Большой сайт") | I5: =COUNTIFS(Выдача!$A$2:$A$198,"твердое хромирование",Выдача!$C$2:$C$198,"Портал / форум / вики")+COUNTIFS(Выдача!$A$2:$A$198,"хромирование деталей",Выдача!$C$2:$C$198,"Портал / форум / вики") | J5: =IFERROR((F5+G5)/(F5+G5+H5+I5),"—") | K5: Нет | L5: отдельный домен | M5: По «твёрдому хромированию» топ — небольшие сайты гальваник (hrom-prom, galvanika-msk). «Хромирование деталей» уводит в автотюнинг и маркетплейсы — делать упор на техническое хромирование.
A6: Небольшой отдельный сайт | B6: 2 | C6: Оксидирование и фосфатирование стали | D6: № 9 Хим. оксидирование стали с промасливанием; № 23 Хим. фосфатирование с оксидированием | E6: =SUMIFS(Запросы!$C$2:$C$109,Запросы!$A$2:$A$109,9)+SUMIFS(Запросы!$C$2:$C$109,Запросы!$A$2:$A$109,23) | F6: =COUNTIFS(Выдача!$A$2:$A$198,"оксидирование стали",Выдача!$C$2:$C$198,"Мини-сайт")+COUNTIFS(Выдача!$A$2:$A$198,"фосфатирование металла",Выдача!$C$2:$C$198,"Мини-сайт") | G6: =COUNTIFS(Выдача!$A$2:$A$198,"оксидирование стали",Выдача!$C$2:$C$198,"Средний сайт")+COUNTIFS(Выдача!$A$2:$A$198,"фосфатирование металла",Выдача!$C$2:$C$198,"Средний сайт") | H6: =COUNTIFS(Выдача!$A$2:$A$198,"оксидирование стали",Выдача!$C$2:$C$198,"Большой сайт")+COUNTIFS(Выдача!$A$2:$A$198,"фосфатирование металла",Выдача!$C$2:$C$198,"Большой сайт") | I6: =COUNTIFS(Выдача!$A$2:$A$198,"оксидирование стали",Выдача!$C$2:$C$198,"Портал / форум / вики")+COUNTIFS(Выдача!$A$2:$A$198,"фосфатирование металла",Выдача!$C$2:$C$198,"Портал / форум / вики") | J6: =IFERROR((F6+G6)/(F6+G6+H6+I6),"—") | K6: Нет | L6: отдельный домен | M6: Спрос большой, но много бытовых запросов про воронение. В топе небольшие и средние сайты (smetiz, vskplast, zctc) — узкий сайт конкурентен.
A7: Небольшой отдельный сайт | B7: 2 | C7: Оловянирование и меднение | D7: № 16 Оловянирование; № 17 Олово-висмут (матовое); № 3 Меднение | E7: =SUMIFS(Запросы!$C$2:$C$109,Запросы!$A$2:$A$109,16)+SUMIFS(Запросы!$C$2:$C$109,Запросы!$A$2:$A$109,17)+SUMIFS(Запросы!$C$2:$C$109,Запросы!$A$2:$A$109,3) | F7: =COUNTIFS(Выдача!$A$2:$A$198,"оловянирование",Выдача!$C$2:$C$198,"Мини-сайт")+COUNTIFS(Выдача!$A$2:$A$198,"покрытие олово-висмут",Выдача!$C$2:$C$198,"Мини-сайт")+COUNTIFS(Выдача!$A$2:$A$198,"гальваническое меднение",Выдача!$C$2:$C$198,"Мини-сайт") | G7: =COUNTIFS(Выдача!$A$2:$A$198,"оловянирование",Выдача!$C$2:$C$198,"Средний сайт")+COUNTIFS(Выдача!$A$2:$A$198,"покрытие олово-висмут",Выдача!$C$2:$C$198,"Средний сайт")+COUNTIFS(Выдача!$A$2:$A$198,"гальваническое меднение",Выдача!$C$2:$C$198,"Средний сайт") | H7: =COUNTIFS(Выдача!$A$2:$A$198,"оловянирование",Выдача!$C$2:$C$198,"Большой сайт")+COUNTIFS(Выдача!$A$2:$A$198,"покрытие олово-висмут",Выдача!$C$2:$C$198,"Большой сайт")+COUNTIFS(Выдача!$A$2:$A$198,"гальваническое меднение",Выдача!$C$2:$C$198,"Большой сайт") | I7: =COUNTIFS(Выдача!$A$2:$A$198,"оловянирование",Выдача!$C$2:$C$198,"Портал / форум / вики")+COUNTIFS(Выдача!$A$2:$A$198,"покрытие олово-висмут",Выдача!$C$2:$C$198,"Портал / форум / вики")+COUNTIFS(Выдача!$A$2:$A$198,"гальваническое меднение",Выдача!$C$2:$C$198,"Портал / форум / вики") | J7: =IFERROR((F7+G7)/(F7+G7+H7+I7),"—") | K7: Нет | L7: отдельный домен | M7: Топ почти целиком из небольших сайтов гальваник. Олово, олово-висмут и медь — покрытия под пайку и электротехнику, одна аудитория.
A8: Небольшой отдельный сайт | B8: 2 | C8: Серебрение и золочение | D8: № 19 Серебрение; № 20 Золочение | E8: =SUMIFS(Запросы!$C$2:$C$109,Запросы!$A$2:$A$109,19)+SUMIFS(Запросы!$C$2:$C$109,Запросы!$A$2:$A$109,20) | F8: =COUNTIFS(Выдача!$A$2:$A$198,"гальваническое серебрение",Выдача!$C$2:$C$198,"Мини-сайт")+COUNTIFS(Выдача!$A$2:$A$198,"гальваническое золочение",Выдача!$C$2:$C$198,"Мини-сайт") | G8: =COUNTIFS(Выдача!$A$2:$A$198,"гальваническое серебрение",Выдача!$C$2:$C$198,"Средний сайт")+COUNTIFS(Выдача!$A$2:$A$198,"гальваническое золочение",Выдача!$C$2:$C$198,"Средний сайт") | H8: =COUNTIFS(Выдача!$A$2:$A$198,"гальваническое серебрение",Выдача!$C$2:$C$198,"Большой сайт")+COUNTIFS(Выдача!$A$2:$A$198,"гальваническое золочение",Выдача!$C$2:$C$198,"Большой сайт") | I8: =COUNTIFS(Выдача!$A$2:$A$198,"гальваническое серебрение",Выдача!$C$2:$C$198,"Портал / форум / вики")+COUNTIFS(Выдача!$A$2:$A$198,"гальваническое золочение",Выдача!$C$2:$C$198,"Портал / форум / вики") | J8: =IFERROR((F8+G8)/(F8+G8+H8+I8),"—") | K8: Нет | L8: отдельный домен | M8: Самая «небольшая» выдача: почти весь топ — небольшие сайты. Спрос скромный, поэтому оба драгметалла на одном сайте.
A9: Страница на нашем сайте | B9: 1 | C9: Лазерная резка (упор на нержавейку) | D9: № 29 Лазерная резка | E9: =SUMIFS(Запросы!$C$2:$C$109,Запросы!$A$2:$A$109,29) | F9: =COUNTIFS(Выдача!$A$2:$A$198,"лазерная резка нержавейки",Выдача!$C$2:$C$198,"Мини-сайт")+COUNTIFS(Выдача!$A$2:$A$198,"лазерная резка металла",Выдача!$C$2:$C$198,"Мини-сайт") | G9: =COUNTIFS(Выдача!$A$2:$A$198,"лазерная резка нержавейки",Выдача!$C$2:$C$198,"Средний сайт")+COUNTIFS(Выдача!$A$2:$A$198,"лазерная резка металла",Выдача!$C$2:$C$198,"Средний сайт") | H9: =COUNTIFS(Выдача!$A$2:$A$198,"лазерная резка нержавейки",Выдача!$C$2:$C$198,"Большой сайт")+COUNTIFS(Выдача!$A$2:$A$198,"лазерная резка металла",Выдача!$C$2:$C$198,"Большой сайт") | I9: =COUNTIFS(Выдача!$A$2:$A$198,"лазерная резка нержавейки",Выдача!$C$2:$C$198,"Портал / форум / вики")+COUNTIFS(Выдача!$A$2:$A$198,"лазерная резка металла",Выдача!$C$2:$C$198,"Портал / форум / вики") | J9: =IFERROR((F9+G9)/(F9+G9+H9+I9),"—") | K9: Частично — /uslugi/perforaciya-listov/ | L9: /uslugi/lazernaya-rezka/ | M9: В топе страницы услуг внутри многостраничных сайтов металлообработки (promexcut, gravernu, metall-24). Резка нержавейки — профиль нашего сайта. Старые адреса /laser/ и /lasertrub/ перенаправить сюда.
A10: Страница на нашем сайте | B10: 1 | C10: Травление и пассивация нержавейки | D10: № 25 Пассивация; № 8 Хим. пас (травление нержавейки) | E10: =SUMIFS(Запросы!$C$2:$C$109,Запросы!$A$2:$A$109,25)+SUMIFS(Запросы!$C$2:$C$109,Запросы!$A$2:$A$109,8) | F10: =COUNTIFS(Выдача!$A$2:$A$198,"пассивация нержавейки",Выдача!$C$2:$C$198,"Мини-сайт")+COUNTIFS(Выдача!$A$2:$A$198,"травление нержавеющей стали",Выдача!$C$2:$C$198,"Мини-сайт") | G10: =COUNTIFS(Выдача!$A$2:$A$198,"пассивация нержавейки",Выдача!$C$2:$C$198,"Средний сайт")+COUNTIFS(Выдача!$A$2:$A$198,"травление нержавеющей стали",Выдача!$C$2:$C$198,"Средний сайт") | H10: =COUNTIFS(Выдача!$A$2:$A$198,"пассивация нержавейки",Выдача!$C$2:$C$198,"Большой сайт")+COUNTIFS(Выдача!$A$2:$A$198,"травление нержавеющей стали",Выдача!$C$2:$C$198,"Большой сайт") | I10: =COUNTIFS(Выдача!$A$2:$A$198,"пассивация нержавейки",Выдача!$C$2:$C$198,"Портал / форум / вики")+COUNTIFS(Выдача!$A$2:$A$198,"травление нержавеющей стали",Выдача!$C$2:$C$198,"Портал / форум / вики") | J10: =IFERROR((F10+G10)/(F10+G10+H10+I10),"—") | K10: Нет (упоминание в блоге) | L10: /uslugi/travlenie-i-passivaciya/ | M10: Топ — статьи, услуг почти нет. Услуга напрямую про нержавейку и усиливает тематику нашего сайта.
A11: Страница на нашем сайте | B11: 1 | C11: Гидроабразивная резка | D11: № 30 Гидроабразивная резка | E11: =SUMIFS(Запросы!$C$2:$C$109,Запросы!$A$2:$A$109,30) | F11: =COUNTIFS(Выдача!$A$2:$A$198,"гидроабразивная резка металла",Выдача!$C$2:$C$198,"Мини-сайт") | G11: =COUNTIFS(Выдача!$A$2:$A$198,"гидроабразивная резка металла",Выдача!$C$2:$C$198,"Средний сайт") | H11: =COUNTIFS(Выдача!$A$2:$A$198,"гидроабразивная резка металла",Выдача!$C$2:$C$198,"Большой сайт") | I11: =COUNTIFS(Выдача!$A$2:$A$198,"гидроабразивная резка металла",Выдача!$C$2:$C$198,"Портал / форум / вики") | J11: =IFERROR((F11+G11)/(F11+G11+H11+I11),"—") | K11: Частично — /uslugi/perforaciya-listov/ | L11: /uslugi/gidroabrazivnaya-rezka/ | M11: Топ смешанный: небольшой kit-cut.ru и страницы услуг utk-steel, promexcut. Услуга металлообработки — место на нашем сайте. Старый адрес /gidroabraziv/ перенаправить сюда.
A12: Страница на нашем сайте | B12: 1 | C12: Электрохимическая полировка нержавейки | D12: № 6 Электрохимическое полирование (нерж.); № 7 Электроплазменная полировка | E12: =SUMIFS(Запросы!$C$2:$C$109,Запросы!$A$2:$A$109,6)+SUMIFS(Запросы!$C$2:$C$109,Запросы!$A$2:$A$109,7) | F12: =COUNTIFS(Выдача!$A$2:$A$198,"электрохимическая полировка",Выдача!$C$2:$C$198,"Мини-сайт") | G12: =COUNTIFS(Выдача!$A$2:$A$198,"электрохимическая полировка",Выдача!$C$2:$C$198,"Средний сайт") | H12: =COUNTIFS(Выдача!$A$2:$A$198,"электрохимическая полировка",Выдача!$C$2:$C$198,"Большой сайт") | I12: =COUNTIFS(Выдача!$A$2:$A$198,"электрохимическая полировка",Выдача!$C$2:$C$198,"Портал / форум / вики") | J12: =IFERROR((F12+G12)/(F12+G12+H12+I12),"—") | K12: Частично — /uslugi/polirovka/ | L12: /uslugi/elektrohimicheskaya-polirovka/ | M12: В топе статьи и форумы, услуг мало. Полировка нержавейки для пищевых линий — профиль нашего сайта. Электроплазменная полировка — раздел.
A13: Страница на нашем сайте | B13: 1 | C13: Обзор «Гальванические покрытия» | D13: обзор гальваники | E13: =SUMIFS(Запросы!$C$2:$C$109,Запросы!$A$2:$A$109,"Хаб") | F13: =COUNTIFS(Выдача!$A$2:$A$198,"гальванические покрытия",Выдача!$C$2:$C$198,"Мини-сайт") | G13: =COUNTIFS(Выдача!$A$2:$A$198,"гальванические покрытия",Выдача!$C$2:$C$198,"Средний сайт") | H13: =COUNTIFS(Выдача!$A$2:$A$198,"гальванические покрытия",Выдача!$C$2:$C$198,"Большой сайт") | I13: =COUNTIFS(Выдача!$A$2:$A$198,"гальванические покрытия",Выдача!$C$2:$C$198,"Портал / форум / вики") | J13: =IFERROR((F13+G13)/(F13+G13+H13+I13),"—") | K13: Нет | L13: /uslugi/galvanicheskie-pokrytiya/ | M13: Необязательно. Обзорная страница со ссылками на небольшие сайты покрытий; в топе обзорные статьи средних сайтов.
A14: Страница на нашем сайте | B14: 2 | C14: Шлифовка: продольная и круглая | D14: № 27 Шлифовка продольная; № 28 Шлифовка круглая | E14: =SUMIFS(Запросы!$C$2:$C$109,Запросы!$A$2:$A$109,27)+SUMIFS(Запросы!$C$2:$C$109,Запросы!$A$2:$A$109,28) | F14: =COUNTIFS(Выдача!$A$2:$A$198,"круглая шлифовка",Выдача!$C$2:$C$198,"Мини-сайт") | G14: =COUNTIFS(Выдача!$A$2:$A$198,"круглая шлифовка",Выдача!$C$2:$C$198,"Средний сайт") | H14: =COUNTIFS(Выдача!$A$2:$A$198,"круглая шлифовка",Выдача!$C$2:$C$198,"Большой сайт") | I14: =COUNTIFS(Выдача!$A$2:$A$198,"круглая шлифовка",Выдача!$C$2:$C$198,"Портал / форум / вики") | J14: =IFERROR((F14+G14)/(F14+G14+H14+I14),"—") | K14: Возможно — /uslugi/shlifovanie/ | L14: /uslugi/shlifovanie/ или новая страница | M14: Уточнить у клиента. Круглая шлифовка — в топе небольшие заводы мехобработки. Если «продольная» — это шлифовка листа, страница уже есть.
C16: Небольших отдельных сайтов | E16: =COUNTIF($A$2:$A$14,"Небольшой отдельный сайт")
C17: их суммарный спрос, мес. | E17: =SUMIF($A$2:$A$14,"Небольшой отдельный сайт",$E$2:$E$14)
C18: Страниц на нашем сайте | E18: =COUNTIF($A$2:$A$14,"Страница на нашем сайте")
C19: их суммарный спрос, мес. | E19: =SUMIF($A$2:$A$14,"Страница на нашем сайте",$E$2:$E$14)
C21: «Небольших / средних / больших сайтов в топ-10» — это конкуренты в выдаче, не наш сайт. Небольшой — виден в Google RU по <150 запросам (Ahrefs), средний — 150–1000, большой — >1000. Считается по всем запросам группы (лист «Выдача»).
C22: Логика: небольшой отдельный сайт — где в топе в основном узкие небольшие сайты и тема далека от нержавейки; наш сайт — где в топе страницы услуг многостраничных сайтов металлообработки или услуга напрямую про нержавейку.
C23: Спрос — сумма объёмов запросов группы, Ahrefs, Россия, только Google; с Яндексом реальный спрос примерно в 2–3 раза выше. Выдача — Google RU, топ-10, 15.09.2026; Яндекс и Нижний Новгород не учтены.
C24: Очередь: 1 — делать первыми, 2 — после. Внутри блока строки идут по очереди и спросу.

Sheet Выдача
A1: Запрос | B1: Позиция | C1: Тип сайта конкурента | D1: Сайт | E1: Страница в выдаче
A2: анодирование алюминия | B2: 2 | C2: Средний сайт | D2: fortis-steel.ru | E2: https://fortis-steel.ru/Услуги
A3: анодирование алюминия | B3: 3 | C3: Портал / форум / вики | D3: drive2.ru | E3: https://www.drive2.ru/
A4: анодирование алюминия | B4: 5 | C4: Мини-сайт | D4: metallcleaner.com | E4: https://metallcleaner.com/aluminiy-anodirovanie
A5: анодирование алюминия | B5: 6 | C5: Средний сайт | D5: rtg-mps.ru | E5: https://rtg-mps.ru/Статьи
A6: анодирование алюминия | B6: 7 | C6: Мини-сайт | D6: oxi-pro.ru | E6: https://oxi-pro.ru/chto-takoe-anodirovanie-alyuminiya
A7: анодирование алюминия | B7: 8 | C7: Средний сайт | D7: atissteel.ru | E7: https://www.atissteel.ru/anodirovka-aljuminija
A8: анодирование алюминия | B8: 9 | C8: Мини-сайт | D8: precision-machines.ru | E8: https://precision-machines.ru/viewtopic
A9: анодирование алюминия | B9: 10 | C9: Портал / форум / вики | D9: ru.wikipedia.org | E9: https://ru.wikipedia.org/wiki/Анодирование
A10: анодирование титана | B10: 2 | C10: Средний сайт | D10: zctc.ru | E10: https://zctc.ru/sections/anodirovanie-titana
A11: анодирование титана | B11: 4 | C11: Большой сайт | D11: inner.su | E11: https://inner.su/Блог/Познавательное
A12: анодирование титана | B12: 5 | C12: Портал / форум / вики | D12: forum.guns.ru | E12: https://forum.guns.ru/
A13: анодирование титана | B13: 6 | C13: Мини-сайт | D13: friendsonly.ru | E13: https://friendsonly.ru/anodise
... A197: круглая шлифовка | B197: 10 | C197: Мини-сайт | D197: szdo.net | E197: https://szdo.net/services/kruglaya-i-ploskaya-shlifovka
A198: плоская шлифовка | C198: Нет данных | E198: Выдачи в Ahrefs нет

Sheet Запросы
A1: № у клиента | B1: Запрос | C1: Объём, Ahrefs RU (Google), мес.
A2: 29 | B2: лазерная резка металла | C2: 1000
A3: 29 | B3: лазерная резка | C3: 600
A4: 29 | B4: лазерная резка нержавейки | C4: 500
A5: 29 | B5: лазерная резка нержавеющей стали | C5: 300
A6: 29 | B6: резка нержавейки лазером | C6: 200
A7: 29 | B7: лазерная резка металла нижний новгород | C7: 50
A8: 29 | B8: лазерная резка нижний новгород | C8: 40
A9: 29 | B9: лазерная резка нержавейки нижний новгород | C9: 0
A10: 10 | B10: анодирование | C10: 900
A11: 10 | B11: анодирование алюминия | C11: 600
A12: 10 | B12: анодное оксидирование | C12: 80
A13: 10 | B13: анодирование алюминия цена | C13: 70
... A39: 30 | B39: гидроабразивная резка нижний новгород | C39: 20
A40: Хаб | B40: гальванические покрытия | C40: 150
A41: Хаб | B41: гальваническое покрытие металла | C41: 90
A42: Хаб | B42: нанесение гальванических покрытий | C42: 80
A43: Хаб | B43: услуги гальваники | C43: 40
A44: Хаб | B44: гальваника на заказ | C44: 20
A45: Хаб | B45: гальваника нижний новгород | C45: 0
A46: Хаб (общий запрос, не в сумме) | B46: гальваника | C46: 2500
A47: 18 | B47: хромирование | C47: 250
A48: 18 | B48: хромирование деталей | C48: 250
A49: 18 | B49: гальваническое хромирование | C49: 80
A50: 18 | B50: твердое хромирование | C50: 20
A51: 18 | B51: хромирование штоков | C51: 0
A52: 18 | B52: хромирование нижний новгород | C52: 0
A53: 4 | B53: никелирование | C53: 350
A54: 4 | B54: гальваническое никелирование | C54: 60
A55: 4 | B55: никелирование металла | C55: 50
A56: 4 | B56: никелирование деталей | C56: 50
A57: 4 | B57: блестящее никелирование | C57: 0
A58: 6 | B58: электрополировка | C58: 90
... A106: 26 | B106: свинцевание | C106: 0
A107: Уже есть: /uslugi/shlifovanie/ | B107: шлифовка нержавейки | C107: 70
A108: Уже есть: /uslugi/polirovka/ | B108: полировка металла | C108: 100
A109: Уже есть: /uslugi/polirovka/ | B109: полировка нержавейки | C109: 70
